"","x"
"1",1
"2",0
"3",1
"4",0
"5",0
"6",1
"7",0
"8",0
"9",0
"10",0
"11",1
"12",0
"13",1
"14",0
"15",0
"16",1
"17",1
"18",0
"19",1
"20",1
"21",0
"22",1
"23",0
"24",1
"25",1
"26",0
"27",0
"28",1
"29",0
"30",1
"31",0
"32",0
"33",1
"34",1
"35",1
"36",0
"37",0
"38",0
"39",1
"40",1
"41",1
"42",1
"43",0
"44",1
"45",1
"46",0
"47",0
"48",1
"49",0
"50",9.30720167602317e-10
"51",0
"52",0
"53",1
"54",0
"55",0
"56",0
"57",0
"58",0
"59",0
"60",0
"61",1
"62",1
"63",0
"64",1
"65",1
"66",1
"67",1
"68",1
"69",1
"70",0
"71",0
"72",0
"73",1
"74",7.31702920475641e-10
"75",1
"76",1
"77",1
"78",0
"79",1
"80",0
"81",1
"82",1
"83",1
"84",0
"85",1
"86",1
"87",0
"88",0
"89",0
"90",0
"91",1
"92",0
"93",1
"94",1
"95",0
"96",1
"97",1
"98",0
"99",0
"100",0
"101",1
"102",0
"103",0
"104",1
"105",1
"106",0
"107",1
"108",1
"109",0
"110",0
"111",1
"112",0
"113",0
"114",1
"115",1
"116",0
"117",1
"118",0
"119",1
"120",0
"121",0
"122",0
"123",0
"124",1
"125",1
"126",0
"127",1
"128",1
"129",0
"130",1
"131",0
"132",1
"133",0
"134",1.60024660189606e-09
"135",1
"136",1
"137",0
"138",0
"139",1
"140",1
"141",1
"142",1
"143",1
"144",1
"145",1
"146",1
"147",1
"148",1
"149",0
"150",0
"151",0
"152",1
"153",0
"154",0
"155",1
"156",1
"157",1
"158",1
"159",0
"160",0
"161",1
"162",0
"163",0
"164",0
"165",0
"166",0
"167",0
"168",1
"169",0
"170",1
"171",0
"172",0
"173",1.9294539299608e-09
"174",1
"175",0
"176",1
"177",0
"178",1
"179",1
"180",0
"181",4.81392703477468e-13
"182",0
"183",0
"184",1
"185",0
"186",1
"187",1
"188",1
"189",0
"190",0
"191",1
"192",1
"193",0.999936277240371
"194",1
"195",0
"196",1
"197",0
"198",0
"199",0
"200",1
"201",1
"202",0
"203",1
"204",0
"205",1
"206",1
"207",0
"208",1
"209",0
"210",0
"211",0
"212",0
"213",1
"214",0
"215",0
"216",1
"217",1
"218",1
"219",0
"220",1
"221",1
"222",0
"223",0
"224",1
"225",1
"226",0
"227",0.119064200213238
"228",0
"229",1
"230",0
"231",0
"232",0
"233",0
"234",0.999999990223276
"235",0
"236",0
"237",1
"238",1
"239",0
"240",1
"241",1
"242",1
"243",0
"244",1
"245",1
"246",1
"247",1
"248",1
"249",0
"250",0
"251",0
"252",0
"253",0
"254",0
"255",0
"256",1
"257",4.44089209850063e-16
"258",0
"259",1
"260",0
"261",1
"262",0
"263",0
"264",1
"265",0
"266",0
"267",0
"268",0
"269",1
"270",1
"271",0
"272",1
"273",1
"274",0
"275",0
"276",1
"277",0
"278",1
"279",1
"280",1
"281",0
"282",1
"283",0
"284",1
"285",0
"286",1
"287",1
"288",0
"289",1
"290",0
"291",1
"292",0
"293",0
"294",1
"295",0
"296",0
"297",1
"298",0
"299",1
"300",0
"301",0
"302",1
"303",1
"304",1
"305",1
"306",0
"307",1
"308",0
"309",0
"310",1
"311",1
"312",0
"313",1
"314",0
"315",0
"316",0
"317",1
"318",1
"319",0
"320",1
"321",1
"322",0
"323",0
"324",0
"325",1
"326",0.999999999540874
"327",0
"328",1
"329",0
"330",1
"331",1
"332",0
"333",0
"334",1
"335",1
"336",0
"337",1
"338",1
"339",0
"340",0
"341",1
"342",0
"343",0
"344",0
"345",0
"346",1
"347",0
"348",0
"349",0
"350",1
"351",0
"352",0
"353",1
"354",1
"355",0
"356",0
"357",0
"358",0
"359",1
"360",1
"361",1
"362",1
"363",1
"364",0
"365",0.543148814039848
"366",1
"367",0
"368",1
"369",0
"370",1
"371",1
"372",0
"373",0
"374",0
"375",0
"376",0
"377",0
"378",0
"379",1
"380",0
"381",0
"382",0
"383",1
"384",0
"385",1
"386",1
"387",0
"388",0
"389",1
"390",0
"391",0
"392",0
"393",0
"394",0
"395",0
"396",0
"397",0
"398",1
"399",0
"400",0
"401",1
"402",0
"403",1
"404",0
"405",0
"406",0
"407",0
"408",0
"409",1
"410",1
"411",1
"412",0
"413",0
"414",1
"415",1
"416",0
"417",0
"418",0
"419",1
"420",1
"421",1
"422",1
"423",0
"424",1
"425",1
"426",6.44817532702291e-13
"427",0
"428",1
"429",0
"430",1
"431",0
"432",1
"433",0
"434",1
"435",0.995309696890799
"436",1
"437",0
"438",1
"439",1
"440",1
"441",0
"442",1
"443",0
"444",1
"445",0
"446",0
"447",0
"448",0
"449",0
"450",0
"451",0
"452",1
"453",0
"454",1
"455",0
"456",1
"457",0
"458",0
"459",0
"460",1
"461",0
"462",1
"463",0
"464",0
"465",1
"466",0
"467",1
"468",0
"469",1
"470",1
"471",8.01136934569513e-13
"472",1
"473",1
"474",0
"475",1
"476",0
"477",0
"478",0
"479",0
"480",1
"481",0
"482",0
"483",1
"484",0
"485",0
"486",1
"487",0
"488",0
"489",0
"490",1
"491",0
"492",1
"493",0
"494",0
"495",1
"496",0
"497",1
"498",0
"499",1
"500",1
"501",0
"502",0
"503",0.999999999983854
"504",0
"505",0
"506",0
"507",0
"508",0
"509",1
"510",0
"511",0
"512",1
"513",0
"514",1
"515",0
"516",0
"517",0
"518",0
"519",1
"520",0
"521",1
"522",0
"523",0
"524",0
"525",0
"526",0
"527",1
"528",1
"529",1
"530",1
"531",1
"532",0.834251519159357
"533",0.335596986810355
"534",0
"535",1
"536",0
"537",1
"538",1
"539",0
"540",0
"541",0
"542",1
"543",1
"544",0
"545",1
"546",1
"547",0
"548",1
"549",1
"550",0
"551",0
"552",0
"553",1
"554",0.999999999999998
"555",0
"556",0
"557",0
"558",0
"559",0
"560",1
"561",0
"562",0
"563",0
"564",0
"565",0
"566",1
"567",0
"568",1
"569",0
"570",1
"571",1
"572",1
"573",0
"574",1
"575",0
"576",1
"577",0
"578",1
"579",0
"580",0
"581",1
"582",1
"583",1
"584",0
"585",0
"586",1
"587",0
"588",1
"589",1
"590",0
"591",0
"592",1
"593",1
"594",1
"595",0
"596",1
"597",1
"598",0
"599",0
"600",1
"601",1
"602",1
"603",1
"604",0
"605",0
"606",0
"607",1
"608",1
"609",0
"610",0
"611",1
"612",1
"613",0
"614",1
"615",1
"616",0
"617",0
"618",0
"619",1
"620",1
"621",1
"622",0
"623",0
"624",0
"625",0
"626",1
"627",1
"628",0
"629",1
"630",0
"631",0
"632",0
"633",0
"634",0
"635",1
"636",0
"637",0
"638",0
"639",1
"640",0
"641",1
"642",0
"643",0
"644",0
"645",1
"646",0
"647",1
"648",0
"649",1
"650",1
"651",0
"652",0
"653",1
"654",0
"655",0
"656",1
"657",1
"658",0
"659",0
"660",0
"661",0.999971410760769
"662",0
"663",1
"664",0
"665",0
"666",1
"667",0
"668",1
"669",0
"670",1
"671",1
"672",1
"673",0
"674",1
"675",0
"676",0
"677",0
"678",1
"679",0
"680",0
"681",0
"682",0
"683",0.00169386317446496
"684",0
"685",0
"686",1
"687",1
"688",1
"689",0
"690",1
"691",1
"692",0
"693",0
"694",1
"695",1
"696",0
"697",0
"698",0
"699",1
"700",0
"701",0
"702",1
"703",1
"704",0
"705",0
"706",0
"707",0
"708",0
"709",0
"710",0
"711",0
"712",1
"713",1
"714",0
"715",1
"716",0
"717",0
"718",1
"719",1
"720",1
"721",1
"722",0
"723",0
"724",0
"725",0.95294810467707
"726",0
"727",1
"728",0
"729",1
"730",1
"731",1
"732",0
"733",0
"734",0
"735",1
"736",0
"737",1
"738",1
"739",1.48678847011752e-11
"740",0
"741",0
"742",0
"743",0
"744",0
"745",0
"746",1
"747",1
"748",0
"749",0
"750",1
"751",1
"752",1
"753",0
"754",1
"755",0
"756",0
"757",1
"758",1
"759",0
"760",0
"761",0
"762",0
"763",1
"764",0
"765",0
"766",1
"767",0
"768",1
"769",0
"770",0
"771",1
"772",0
"773",0
"774",0
"775",1
"776",1
"777",1
"778",1
"779",1
"780",0
"781",1
"782",1
"783",1
"784",1
"785",1
"786",0
"787",1
"788",0
"789",0
"790",0
"791",0
"792",0
"793",0
"794",1
"795",1
"796",0
"797",1
"798",0
"799",0
"800",0
"801",1
"802",1
"803",0
"804",0
"805",0
"806",0
"807",0
"808",0
"809",1
"810",1
"811",0
"812",0
"813",0
"814",0
"815",0
"816",0
"817",1
"818",0
"819",0
"820",0
"821",0
"822",0
"823",0
"824",0
"825",0
"826",0
"827",1
"828",0
"829",1
"830",1
"831",0
"832",1
"833",1
"834",1
"835",1
"836",0.999999999977965
"837",1
"838",0
"839",1
"840",1
"841",0.99999999874132
"842",1
"843",1
"844",1
"845",0
"846",1
"847",1
"848",1
"849",0
"850",1
"851",0
"852",0
"853",1
"854",0
"855",1
"856",1
"857",1
"858",0
"859",1
"860",1
"861",1
"862",1
"863",1
"864",7.13647263580475e-05
"865",0
"866",1
"867",0
"868",0
"869",0
"870",1
"871",0.99999999999996
"872",1
"873",0
"874",0
"875",0
"876",0
"877",1
"878",0.999999999999994
"879",1
"880",2.33971526175658e-06
"881",0
"882",1
"883",0
"884",0
"885",0
"886",1
"887",0
"888",1
"889",0
"890",0
"891",1
"892",1
"893",0
"894",0
"895",0
"896",0
"897",1
"898",1
"899",0
"900",1
"901",0
"902",1
"903",1
"904",0
"905",1
"906",0
"907",0
"908",1
"909",1
"910",1
"911",1
"912",0
"913",1
"914",1
"915",1
"916",0
"917",0
"918",0
"919",0
"920",0
"921",0
"922",0
"923",0
"924",0
"925",1
"926",0
"927",1
"928",1
"929",0
"930",0
"931",0
"932",1
"933",1
"934",0
"935",1
"936",1
"937",0
"938",1
"939",0
"940",1
"941",0
"942",0
"943",1
"944",0
"945",1
"946",1
"947",1
"948",0
"949",0
"950",0
"951",0
"952",0
"953",1
"954",1
"955",0
"956",0
"957",1
"958",0
"959",1
"960",1
"961",0
"962",1
"963",1
"964",0
"965",1
"966",0
"967",0
"968",0
"969",1
"970",0
"971",1
"972",0
"973",1
"974",1
"975",1
"976",0
"977",0
"978",0
"979",0
"980",1
"981",1
"982",1
"983",1
"984",0
"985",0
"986",1.11362030708051e-11
"987",1
"988",0
"989",0
"990",1
"991",1
"992",0
"993",1
"994",0
"995",1
"996",0
"997",0
"998",0
"999",1
"1000",1
"1001",0
"1002",0
"1003",1
"1004",0
"1005",0
"1006",1
"1007",1
"1008",1
"1009",0
"1010",0
"1011",0
"1012",1
"1013",0
"1014",1
"1015",0
"1016",1
"1017",0
"1018",1
"1019",1
"1020",1
"1021",0.99999994612837
"1022",0
"1023",0
"1024",1
"1025",1
"1026",0
"1027",1
"1028",0
"1029",0
"1030",0
"1031",1
"1032",0
"1033",0
"1034",0
"1035",1
"1036",1
"1037",0
"1038",1
"1039",0
"1040",0
"1041",1
"1042",1
"1043",0
"1044",0
"1045",0
"1046",0
"1047",0
"1048",0
"1049",0
"1050",1
"1051",0
"1052",0
"1053",0
"1054",0
"1055",1
"1056",0
"1057",1
"1058",1
"1059",0
"1060",0
"1061",1
"1062",1
"1063",1
"1064",0
"1065",0
"1066",0
"1067",1
"1068",1
"1069",1
"1070",1
"1071",1
"1072",1
"1073",1
"1074",0
"1075",0
"1076",1
"1077",0
"1078",1
"1079",0
"1080",0
"1081",1
"1082",0
"1083",1
"1084",0
"1085",0
"1086",4.44089209850063e-15
"1087",0
"1088",1
"1089",1
"1090",0
"1091",0
"1092",1
"1093",0
"1094",1
"1095",1
"1096",1
"1097",1
"1098",0
"1099",0
"1100",1
"1101",0
"1102",1
"1103",1
"1104",1
"1105",1
"1106",0
"1107",0
"1108",0
"1109",1
"1110",1
"1111",1
"1112",1
"1113",0
"1114",1
"1115",1
"1116",0
"1117",0
"1118",0
"1119",0
"1120",0
"1121",1
"1122",0
"1123",1
"1124",0.739540281693146
"1125",1
"1126",0
"1127",0
"1128",1
"1129",0
"1130",1
"1131",0
"1132",1
"1133",1
"1134",0
"1135",0
"1136",1
"1137",0
"1138",1
"1139",0
"1140",0
"1141",0
"1142",1
"1143",1
"1144",0
"1145",0
"1146",1
"1147",1
"1148",1
"1149",1
"1150",0
"1151",0
"1152",1
"1153",1
"1154",1
"1155",1
"1156",0
"1157",0
"1158",1
"1159",0
"1160",1
"1161",1
"1162",1
"1163",0
"1164",0
"1165",0
"1166",1
"1167",0
"1168",0
"1169",1
"1170",0
"1171",1
"1172",1
"1173",1
"1174",1
"1175",1
"1176",0
"1177",1
"1178",1
"1179",0
"1180",0
"1181",0
"1182",1
"1183",1
"1184",1
"1185",0
"1186",1
"1187",0
"1188",0
"1189",1
"1190",0
"1191",1
"1192",0
"1193",1
"1194",1
"1195",0
"1196",1
"1197",1
"1198",1
"1199",1
"1200",0
"1201",0
"1202",0
"1203",1
"1204",0
"1205",1
"1206",0
"1207",1
"1208",0
"1209",0
"1210",1
"1211",0
"1212",1
"1213",0
"1214",0
"1215",0
"1216",0
"1217",1
"1218",0
"1219",1
"1220",1
"1221",0
"1222",1
"1223",1
"1224",0
"1225",0
"1226",0
"1227",0
"1228",1
"1229",0
"1230",0
"1231",0
"1232",1
"1233",1
"1234",0
"1235",0
"1236",1
"1237",0
"1238",1
"1239",1
"1240",0
"1241",1
"1242",1
"1243",0
"1244",0
"1245",0
"1246",0
"1247",1
"1248",1
"1249",0
"1250",1
"1251",1
"1252",1
"1253",1
"1254",0
"1255",0
"1256",0
"1257",1
"1258",1
"1259",1
"1260",1
"1261",1
"1262",1
"1263",0
"1264",1
"1265",1
"1266",1
"1267",1
"1268",0
"1269",1
"1270",1
"1271",1
"1272",0
"1273",0
"1274",1
"1275",1
"1276",0
"1277",0
"1278",1
"1279",1
"1280",0
"1281",0
"1282",1
"1283",0
"1284",1
"1285",0
"1286",1
"1287",0
"1288",1
"1289",0
"1290",1
"1291",0
"1292",0
"1293",0
"1294",1
"1295",0.999999999999997
"1296",1
"1297",1
"1298",0
"1299",0
"1300",0
"1301",0
"1302",0.99999866087595
"1303",0
"1304",0
"1305",1
"1306",0
"1307",0
"1308",1
"1309",0
"1310",1
"1311",0
"1312",0
"1313",0
"1314",0
"1315",0
"1316",0
"1317",0
"1318",1
"1319",1
"1320",1
"1321",0
"1322",1
"1323",1
"1324",0
"1325",1
"1326",0
"1327",1
"1328",1
"1329",1
"1330",0
"1331",0
"1332",1
"1333",0
"1334",1
"1335",0
"1336",0
"1337",0
"1338",1
"1339",0
"1340",1
"1341",0
"1342",1
"1343",0
"1344",0
"1345",1
"1346",1
"1347",1
"1348",1
"1349",0
"1350",1
"1351",1
"1352",9.85499681860347e-10
"1353",1
"1354",1
"1355",1
"1356",0
"1357",0
"1358",1
"1359",1
"1360",0
"1361",0
"1362",1
"1363",1
"1364",1
"1365",0
"1366",1
"1367",0
"1368",0
"1369",1
"1370",1
"1371",0
"1372",0
"1373",0
"1374",1
"1375",0
"1376",0
"1377",1
"1378",1
"1379",0
"1380",1
"1381",1
"1382",1
"1383",1
"1384",0
"1385",1
"1386",1
"1387",0
"1388",0
"1389",0
"1390",1
"1391",0
"1392",1
"1393",1
"1394",0
"1395",1
"1396",1
"1397",0
"1398",1
"1399",1
"1400",0
"1401",1
"1402",1
"1403",0
"1404",0
"1405",0
"1406",0
"1407",0
"1408",1
"1409",0
"1410",0
"1411",1
"1412",1
"1413",1
"1414",0
"1415",1
"1416",0
"1417",1
"1418",1
"1419",0
"1420",1
"1421",1
"1422",0
"1423",1
"1424",0.999999999563002
"1425",0
"1426",1
"1427",0
"1428",0.999999999999984
"1429",0.999807811506263
"1430",0
"1431",0
"1432",0
"1433",1
"1434",1
"1435",1
"1436",1
"1437",1
"1438",0
"1439",1
"1440",0
"1441",0
"1442",1
"1443",1
"1444",0
"1445",1
"1446",1
"1447",1
"1448",1
"1449",0
"1450",1
"1451",1
"1452",1
"1453",0
"1454",0
"1455",0
"1456",1
"1457",1
"1458",0
"1459",0
"1460",1
"1461",0.999999999973558
"1462",1
"1463",1
"1464",0
"1465",1
"1466",1
"1467",1
"1468",1
"1469",1
"1470",1
"1471",1
"1472",0
"1473",2.8410793384559e-08
"1474",1
"1475",0
"1476",0
"1477",0
"1478",0
"1479",0
"1480",1
"1481",1
"1482",0
"1483",0
"1484",0
"1485",1
"1486",0
"1487",0
"1488",1
"1489",0
"1490",0
"1491",1
"1492",0
"1493",0
"1494",0
"1495",0
"1496",1
"1497",0
"1498",1
"1499",1
"1500",0
"1501",0
"1502",1
"1503",0
"1504",1
"1505",1
"1506",1
"1507",1
"1508",0
"1509",0
"1510",1
"1511",0
"1512",1.04805053524615e-13
"1513",1
"1514",0
"1515",1
"1516",1
"1517",0
"1518",1
"1519",1
"1520",1
"1521",0
"1522",0
"1523",1
"1524",0
"1525",1
"1526",1
"1527",0
"1528",1
"1529",1
"1530",1
"1531",0
"1532",0
"1533",1
"1534",1
"1535",1
"1536",1
"1537",0
"1538",0
"1539",1
"1540",0
"1541",0
"1542",0
"1543",0
"1544",0
"1545",0
"1546",0
"1547",0
"1548",1
"1549",1
"1550",0
"1551",0
"1552",1
"1553",1
"1554",1
"1555",1
"1556",1
"1557",0
"1558",1
"1559",0
"1560",1
"1561",0
"1562",1
"1563",0
"1564",1
"1565",1
"1566",1
"1567",0
"1568",0
"1569",0
"1570",1
"1571",1
"1572",0
"1573",1
"1574",0
"1575",1
"1576",0
"1577",0
"1578",0
"1579",1
"1580",1
"1581",1
"1582",1
"1583",1
"1584",3.65410102176611e-09
"1585",0
"1586",1
"1587",1
"1588",1
"1589",0
"1590",1
"1591",0
"1592",1
"1593",1
"1594",0
"1595",0
"1596",0
"1597",1
"1598",1
"1599",1
"1600",0
"1601",0
"1602",1
"1603",1
"1604",0
"1605",0
"1606",1
"1607",0
"1608",1
"1609",1
"1610",1
"1611",0
"1612",1
"1613",0
"1614",1
"1615",0
"1616",1
"1617",0
"1618",1
"1619",1
"1620",0
"1621",0
"1622",1
"1623",1
"1624",0
"1625",0
"1626",0
"1627",0
"1628",1
"1629",1
"1630",1
"1631",0
"1632",1
"1633",0
"1634",0
"1635",0
"1636",1
"1637",0
"1638",1
"1639",0
"1640",1
"1641",0
"1642",1
"1643",0
"1644",1
"1645",0
"1646",0
"1647",0
"1648",0
"1649",0
"1650",0
"1651",1
"1652",0
"1653",0
"1654",1
"1655",1
"1656",0.99815008964836
"1657",1
"1658",1
"1659",0
"1660",0
"1661",2.62047272769905e-10
"1662",1
"1663",1
"1664",0
"1665",1
"1666",1
"1667",0
"1668",0
"1669",1
"1670",0
"1671",0
"1672",1
"1673",0
"1674",0
"1675",0
"1676",1
"1677",0
"1678",0
"1679",1
"1680",0
"1681",0
"1682",0
"1683",0
"1684",1
"1685",0
"1686",0
"1687",0
"1688",1
"1689",1
"1690",1
"1691",0
"1692",1
"1693",0
"1694",1
"1695",1
"1696",1
"1697",1
"1698",0
"1699",1
"1700",0
"1701",1
"1702",1
"1703",0
"1704",0
"1705",1
"1706",1
"1707",0
"1708",0
"1709",1
"1710",1
"1711",0
"1712",1
"1713",0
"1714",1
"1715",1
"1716",1
"1717",1
"1718",0
"1719",1
"1720",1
"1721",1
"1722",1
"1723",1
"1724",0
"1725",0
"1726",0
"1727",1
"1728",1
"1729",1
"1730",0
"1731",0
"1732",0
"1733",0
"1734",0
"1735",1
"1736",1
"1737",0
"1738",0
"1739",0.999984802249363
"1740",0
"1741",0
"1742",1
"1743",1
"1744",0
"1745",1
"1746",0
"1747",0
"1748",1
"1749",0
"1750",1
"1751",1
"1752",0
"1753",0
"1754",0
"1755",0
"1756",1
"1757",0
"1758",0
"1759",0
"1760",0
"1761",1
"1762",0
"1763",1
"1764",0
"1765",1
"1766",1
"1767",1
"1768",0
"1769",0
"1770",1
"1771",0
"1772",1
"1773",0
"1774",0
"1775",0
"1776",1
"1777",0
"1778",1
"1779",1
"1780",0
"1781",0
"1782",1
"1783",0
"1784",1
"1785",1
"1786",1
"1787",1
"1788",0
"1789",0
"1790",1
"1791",1
"1792",0
"1793",0
"1794",1
"1795",0
"1796",1
"1797",0
"1798",0
"1799",1
"1800",0
"1801",0
"1802",0
"1803",0
"1804",1
"1805",1
"1806",0
"1807",0.445714505022002
"1808",0
"1809",0
"1810",1
"1811",1
"1812",0
"1813",0
"1814",1
"1815",1
"1816",1
"1817",1
"1818",1
"1819",0
"1820",0
"1821",0
"1822",1
"1823",0
"1824",0
"1825",1
"1826",0
"1827",0
"1828",0
"1829",1
"1830",1
"1831",1
"1832",0
"1833",1
"1834",1
"1835",0
"1836",0
"1837",1
"1838",0
"1839",1
"1840",1
"1841",1
"1842",0
"1843",0
"1844",1.46549439250521e-14
"1845",0
"1846",0
"1847",0
"1848",1
"1849",0
"1850",0
"1851",1
"1852",0
"1853",0
"1854",0
"1855",0
"1856",1
"1857",0
"1858",1
"1859",1
"1860",0
"1861",0
"1862",0
"1863",0
"1864",0
"1865",0
"1866",1
"1867",1
"1868",1
"1869",0
"1870",1
"1871",1
"1872",0.999999976587472
"1873",0
"1874",1
"1875",1
"1876",1
"1877",0
"1878",1
"1879",1
"1880",1
"1881",0
"1882",1
"1883",0
"1884",0
"1885",1
"1886",1
"1887",0
"1888",0
"1889",1
"1890",0
"1891",0
"1892",0
"1893",1
"1894",1
"1895",0
"1896",0
"1897",1
"1898",0
"1899",0
"1900",1
"1901",1
"1902",1
"1903",1
"1904",0
"1905",6.29675847019229e-08
"1906",0
"1907",1
"1908",0
"1909",1
"1910",0
"1911",0
"1912",0
"1913",0
"1914",0
"1915",1
"1916",1
"1917",1
"1918",1
"1919",0
"1920",0
"1921",0
"1922",1
"1923",0
"1924",1
"1925",1
"1926",1
"1927",1
"1928",0
"1929",0
"1930",1
"1931",0
"1932",1
"1933",1
"1934",0
"1935",1
"1936",0
"1937",0
"1938",1
"1939",1
"1940",0
"1941",2.40252262528884e-13
"1942",0
"1943",0
"1944",1
"1945",1
"1946",1
"1947",0
"1948",1
"1949",1
"1950",0
"1951",0
"1952",1
"1953",1
"1954",0
"1955",0
"1956",1
"1957",0
"1958",1
"1959",1
"1960",0
"1961",0
"1962",1
"1963",0
"1964",1
"1965",1
"1966",1
"1967",0
"1968",1
"1969",1
"1970",0
"1971",1
"1972",0
"1973",0
"1974",0
"1975",1
"1976",1
"1977",0
"1978",1
"1979",1
"1980",1
"1981",1
"1982",1
"1983",0
"1984",0
"1985",1
"1986",0
"1987",0
"1988",0
"1989",0
"1990",1
"1991",1
"1992",0
"1993",0
"1994",0
"1995",1
"1996",1
"1997",0
"1998",1
"1999",1
"2000",1
"2001",0
"2002",1
"2003",0
"2004",0
"2005",0
"2006",0
"2007",0
"2008",1
"2009",0
"2010",0
"2011",0
"2012",1
"2013",1
"2014",0
"2015",0
"2016",1
"2017",0
"2018",1.07580611086178e-12
"2019",2.11410197903383e-07
"2020",1
"2021",0
"2022",1
"2023",0
"2024",0
"2025",1
"2026",1
"2027",0
"2028",1
"2029",1
"2030",0
"2031",0
"2032",1
"2033",1
"2034",1
"2035",1
"2036",0
"2037",1
"2038",0
"2039",1
"2040",0
"2041",0
"2042",0
"2043",0.000291341622109531
"2044",1
"2045",1
"2046",1
"2047",1
"2048",0
"2049",0.999999999999931
"2050",0
"2051",1
"2052",0
"2053",0
"2054",0
"2055",1
"2056",1
"2057",0
"2058",1
"2059",1
"2060",1
"2061",0
"2062",0
"2063",0
"2064",1
"2065",1
"2066",1
"2067",1
"2068",1
"2069",0
"2070",0
"2071",1
"2072",0.999999999999994
"2073",0
"2074",0
"2075",1
"2076",0
"2077",1
"2078",0
"2079",0
"2080",0
"2081",0
"2082",1
"2083",0
"2084",1
"2085",0
"2086",1
"2087",0
"2088",0
"2089",0
"2090",0
"2091",0
"2092",0
"2093",0
"2094",0
"2095",0
"2096",0
"2097",1
"2098",1
"2099",1
"2100",0
"2101",1
"2102",0
"2103",0
"2104",1
"2105",0
"2106",0
"2107",1
"2108",1
"2109",0
"2110",1
"2111",0
"2112",1
"2113",1
"2114",1
"2115",0
"2116",0
"2117",0
"2118",1
"2119",0
"2120",0
"2121",1
"2122",0
"2123",1
"2124",0
"2125",0
"2126",0
"2127",1
"2128",0.502218522442805
"2129",1
"2130",1
"2131",1
"2132",0
"2133",0
"2134",0
"2135",1
"2136",0
"2137",1
"2138",0
"2139",1
"2140",0
"2141",1
"2142",0
"2143",0
"2144",0
"2145",0
"2146",1
"2147",0
"2148",2.22044604925031e-16
"2149",1
"2150",0
"2151",0
"2152",0
"2153",0
"2154",0
"2155",0
"2156",0
"2157",1
"2158",0
"2159",0
"2160",0.000195162310584918
"2161",0
"2162",1
"2163",1
"2164",0
"2165",0
"2166",1
"2167",1
"2168",0
"2169",1
"2170",1
"2171",0
"2172",0
"2173",0
"2174",1
"2175",1
"2176",0
"2177",0
"2178",0
"2179",4.30889651670263e-06
"2180",0
"2181",1
"2182",0
"2183",1
"2184",0
"2185",1
"2186",0
"2187",0
"2188",0
"2189",1
"2190",0
"2191",1
"2192",1
"2193",0
"2194",1
"2195",1
"2196",0
"2197",0
"2198",0
"2199",0.999997425030063
"2200",0
"2201",1
"2202",1
"2203",1
"2204",0
"2205",0
"2206",0
"2207",0
"2208",0
"2209",1
"2210",0
"2211",0
"2212",0
"2213",1
"2214",1
"2215",0
"2216",0
"2217",1
"2218",1
"2219",0
"2220",1
"2221",0
"2222",0
"2223",0
"2224",1
"2225",1
"2226",1
"2227",1
"2228",1
"2229",0.999999856002552
"2230",0
"2231",0
"2232",0
"2233",0
"2234",0
"2235",1
"2236",1
"2237",0
"2238",1
"2239",0
"2240",0
"2241",0
"2242",0
"2243",1
"2244",1
"2245",1
"2246",1
"2247",0
"2248",1
"2249",1
"2250",0
"2251",0
"2252",1
"2253",1
"2254",1
"2255",0
"2256",1
"2257",0
"2258",1
"2259",0
"2260",0
"2261",1
"2262",1
"2263",0
"2264",0
"2265",1
"2266",1
"2267",0
"2268",0
"2269",0
"2270",0
"2271",0
"2272",1
"2273",1
"2274",0
"2275",0
"2276",0
"2277",1
"2278",1
"2279",0
"2280",1
"2281",0
"2282",0
"2283",0.999999999999985
"2284",1
"2285",0
"2286",1
"2287",1
"2288",1
"2289",0
"2290",0
"2291",1
"2292",0
"2293",0
"2294",7.69944774603459e-10
"2295",1
"2296",0.999999999990221
"2297",1
"2298",1
"2299",1
"2300",1
"2301",0
"2302",1
"2303",1
"2304",0.999999996815176
"2305",0
"2306",0
"2307",0
"2308",0.0260616468290864
"2309",1
"2310",1
"2311",0
"2312",0
"2313",1
"2314",1
"2315",1
"2316",0
"2317",0
"2318",0
"2319",1
"2320",0
"2321",0
"2322",0
"2323",1
"2324",1
"2325",0
"2326",0
"2327",1
"2328",1
"2329",1
"2330",1
"2331",1
"2332",0
"2333",0.999875341186423
"2334",1
"2335",1
"2336",1
"2337",1
"2338",1
"2339",0
"2340",1
"2341",0
"2342",0
"2343",1
"2344",0
"2345",1
"2346",0
"2347",1
"2348",0
"2349",0
"2350",1
"2351",0
"2352",1
"2353",0
"2354",1
"2355",0
"2356",0
"2357",1
"2358",1
"2359",1
"2360",0
"2361",1
"2362",0
"2363",1
"2364",0
"2365",1
"2366",1
"2367",1
"2368",0
"2369",0
"2370",1
"2371",0
"2372",0
"2373",0
"2374",0.999999984702384
"2375",1
"2376",1
"2377",0
"2378",0
"2379",0
"2380",0
"2381",1
"2382",1
"2383",1
"2384",1
"2385",1.4210854715202e-14
"2386",0
"2387",1
"2388",0
"2389",1
"2390",1
"2391",0
"2392",1
"2393",3.98281527758115e-08
"2394",1
"2395",0
"2396",1
"2397",0
"2398",1
"2399",1
"2400",0
"2401",0
"2402",1
"2403",0
"2404",0
"2405",1
"2406",0
"2407",0
"2408",0
"2409",1
"2410",0
"2411",1
"2412",1
"2413",0
"2414",0
"2415",0
"2416",0
"2417",1
"2418",1
"2419",0
"2420",1
"2421",1
"2422",0
"2423",1
"2424",0
"2425",0
"2426",0
"2427",1
"2428",0
"2429",1
"2430",1
"2431",0
"2432",0
"2433",1
"2434",0
"2435",0
"2436",0
"2437",0
"2438",1
"2439",1
"2440",0
"2441",1
"2442",0
"2443",1
"2444",1
"2445",0
"2446",0
"2447",1
"2448",1
"2449",1
"2450",0
"2451",1
"2452",0
"2453",0
"2454",0
"2455",0
"2456",0
"2457",1
"2458",0
"2459",1
"2460",0
"2461",0
"2462",1
"2463",0
"2464",1
"2465",0
"2466",0
"2467",1
"2468",1
"2469",1
"2470",0
"2471",1
"2472",0
"2473",1
"2474",1
"2475",0
"2476",0
"2477",1
"2478",0
"2479",0
"2480",0
"2481",0
"2482",0
"2483",0
"2484",0
"2485",0
"2486",1
"2487",1
"2488",0
"2489",1
"2490",1
"2491",0
"2492",0
"2493",1
"2494",0
"2495",0
"2496",1
"2497",0
"2498",1
"2499",0
"2500",0
"2501",1
"2502",1
"2503",1
"2504",0
"2505",0
"2506",0
"2507",0
"2508",1
"2509",0
"2510",1
"2511",0
"2512",1
"2513",0
"2514",0
"2515",1
"2516",0
"2517",1
"2518",1
"2519",0
"2520",0
"2521",1
"2522",0
"2523",0
"2524",0
"2525",0
"2526",0
"2527",6.66133814775094e-16
"2528",0
"2529",1
"2530",1
"2531",0
"2532",0
"2533",0
"2534",0
"2535",0
"2536",0
"2537",1
"2538",0
"2539",1
"2540",1
"2541",0
"2542",0
"2543",0
"2544",1
"2545",0
"2546",0
"2547",0
"2548",0
"2549",1
"2550",4.44089209850063e-16
"2551",0
"2552",1
"2553",1
"2554",0
"2555",1
"2556",0
"2557",1
"2558",0
"2559",1
"2560",0
"2561",0
"2562",0
"2563",0
"2564",1
"2565",1
"2566",1
"2567",0
"2568",0
"2569",1
"2570",1
"2571",1
"2572",0.999999999999727
"2573",0
"2574",0
"2575",0.688540403656007
"2576",1
"2577",1
"2578",1
"2579",1
"2580",1
"2581",0
"2582",0
"2583",0
"2584",1
"2585",1
"2586",1
"2587",0
"2588",1
"2589",1
"2590",1
"2591",0
"2592",0
"2593",1
"2594",1
"2595",1
"2596",0
"2597",1
"2598",1
"2599",1
"2600",0.9890999954155
"2601",1
"2602",0
"2603",1
"2604",1
"2605",0
"2606",1
"2607",1
"2608",1
"2609",8.43769498715119e-15
"2610",0
"2611",1
"2612",0
"2613",0
"2614",0
"2615",0
"2616",0
"2617",0
"2618",0
"2619",0
"2620",0
"2621",1
"2622",1
"2623",1
"2624",0
"2625",1
"2626",1
"2627",1
"2628",0
"2629",0.999999999820557
"2630",1
"2631",0
"2632",1
"2633",0
"2634",0
"2635",0
"2636",0
"2637",0
"2638",1
"2639",1
"2640",0
"2641",0
"2642",1
"2643",0
"2644",0
"2645",0
"2646",0
"2647",0
"2648",0
"2649",1
"2650",1
"2651",0
"2652",1
"2653",1
"2654",0
"2655",0
"2656",0
"2657",1
"2658",3.15303338993544e-14
"2659",1
"2660",0
"2661",1
"2662",1
"2663",0
"2664",0
"2665",1
"2666",1
"2667",0
"2668",0
"2669",1
"2670",1
"2671",1
"2672",1
"2673",1
"2674",0
"2675",0
"2676",0
"2677",1
"2678",0
"2679",1
"2680",0
"2681",1
"2682",0
"2683",0
"2684",1
"2685",0
"2686",0
"2687",1
"2688",0
"2689",0
"2690",0
"2691",0
"2692",1
"2693",1
"2694",1
"2695",1
"2696",0
"2697",0
"2698",0
"2699",1
"2700",1
"2701",0
"2702",0
"2703",1
"2704",1
"2705",1
"2706",0
"2707",0
"2708",0
"2709",0
"2710",1
"2711",1
"2712",0
"2713",0
"2714",0
"2715",0
"2716",1
"2717",0
"2718",0
"2719",0
"2720",1
"2721",1
"2722",1
"2723",1
"2724",0
"2725",0
"2726",1
"2727",0
"2728",0
"2729",0
"2730",1
"2731",0
"2732",0
"2733",1
"2734",1
"2735",0
"2736",0
"2737",0
"2738",0
"2739",1
"2740",0
"2741",1
"2742",1
"2743",0
"2744",0
"2745",0
"2746",0
"2747",1
"2748",0
"2749",0
"2750",0
"2751",0
"2752",0
"2753",1
"2754",0
"2755",0
"2756",0
"2757",1
"2758",1
"2759",0.999998112816704
"2760",1
"2761",1
"2762",0
"2763",0
"2764",0
"2765",0
"2766",0.999999999999985
"2767",0
"2768",1
"2769",0
"2770",0
"2771",1
"2772",1
"2773",0
"2774",0
"2775",1
"2776",0
"2777",1
"2778",0
"2779",0
"2780",0
"2781",0
"2782",0
"2783",1
"2784",0
"2785",1
"2786",0
"2787",0
"2788",0
"2789",1
"2790",0
"2791",1
"2792",0
"2793",1
"2794",1
"2795",0
"2796",0
"2797",1
"2798",0
"2799",1
"2800",1.02369690502258e-09
"2801",0
"2802",0
"2803",1
"2804",0
"2805",0.999999999041955
"2806",1
"2807",0
"2808",1
"2809",0
"2810",0
"2811",1
"2812",1
"2813",0
"2814",1
"2815",1
"2816",1
"2817",0
"2818",0
"2819",0
"2820",0
"2821",1
"2822",0
"2823",0
"2824",0
"2825",0
"2826",1
"2827",0
"2828",0
"2829",1
"2830",1
"2831",1
"2832",0
"2833",1.07158655515693e-06
"2834",0
"2835",0
"2836",0
"2837",0
"2838",1
"2839",0
"2840",1
"2841",1
"2842",0
"2843",1
"2844",1
"2845",1
"2846",1
"2847",0
"2848",0
"2849",0
"2850",0
"2851",1
"2852",1
"2853",0
"2854",0
"2855",1
"2856",0
"2857",0
"2858",1
"2859",0.999999999999238
"2860",1
"2861",0
"2862",0
"2863",1
"2864",1
"2865",0
"2866",1
"2867",1
"2868",0
"2869",0
"2870",0
"2871",0
"2872",0
"2873",1
"2874",1
"2875",0
"2876",0
"2877",1
"2878",0
"2879",0
"2880",1
"2881",0
"2882",0
"2883",0
"2884",0
"2885",1
"2886",1
"2887",0
"2888",0
"2889",0
"2890",0
"2891",0
"2892",1
"2893",1
"2894",0
"2895",0
"2896",1
"2897",0
"2898",1
"2899",1
"2900",0
"2901",2.22044604925031e-16
"2902",0
"2903",0
"2904",0
"2905",1
"2906",0
"2907",0
"2908",0.00142439870394384
"2909",0
"2910",0
"2911",1
"2912",0
"2913",1
"2914",1
"2915",0.999993456338639
"2916",0
"2917",0
"2918",1
"2919",1
"2920",0
"2921",0
"2922",0.99340886321602
"2923",0
"2924",1
"2925",0
"2926",1
"2927",1
"2928",0
"2929",1
"2930",0
"2931",1
"2932",1
"2933",0
"2934",1
"2935",1
"2936",1
"2937",1
"2938",1
"2939",0
"2940",0
"2941",1
"2942",1
"2943",0
"2944",0
"2945",1
"2946",0
"2947",1
"2948",1
"2949",0
"2950",0
"2951",0
"2952",0
"2953",0
"2954",0
"2955",0
"2956",0
"2957",1
"2958",0
"2959",0
"2960",1
"2961",0
"2962",1
"2963",0
"2964",1
"2965",1
"2966",1
"2967",1
"2968",0
"2969",0
"2970",1
"2971",1
"2972",1
"2973",0
"2974",1
"2975",0
"2976",0
"2977",1
"2978",0
"2979",0
"2980",0
"2981",0
"2982",0
"2983",0
"2984",1
"2985",0
"2986",0
"2987",1
"2988",0
"2989",1
"2990",0
"2991",1
"2992",1
"2993",0
"2994",1
"2995",1
"2996",1
"2997",1
"2998",0
"2999",1
"3000",1
"3001",1
"3002",0
"3003",1
"3004",0
"3005",0
"3006",1
"3007",1
"3008",0
"3009",1
"3010",1
"3011",1
"3012",0
"3013",0
"3014",1
"3015",1
"3016",0
"3017",1
"3018",1
"3019",0
"3020",0
"3021",0
"3022",0
"3023",1
"3024",0
"3025",0
"3026",1
"3027",1
"3028",0
"3029",1
"3030",1
"3031",1
"3032",0
"3033",0
"3034",0
"3035",0
"3036",1
"3037",0
"3038",0
"3039",1
"3040",0
"3041",0
"3042",0
"3043",0
"3044",0
"3045",0
"3046",0
"3047",0
"3048",1
"3049",1
"3050",0
"3051",1
"3052",1
"3053",1
"3054",1
"3055",1
"3056",0
"3057",0
"3058",0
"3059",1
"3060",1
"3061",1
"3062",0
"3063",1
"3064",0
"3065",0
"3066",0
"3067",0
"3068",1
"3069",9.11307573847608e-09
"3070",1
"3071",1
"3072",1
"3073",1
"3074",1
"3075",1
"3076",0
"3077",1
"3078",1
"3079",1
"3080",0
"3081",1
"3082",0
"3083",0
"3084",0
"3085",0
"3086",0
"3087",1
"3088",1
"3089",0
"3090",1
"3091",0
"3092",1
"3093",0
"3094",1
"3095",1
"3096",0
"3097",1
"3098",0
"3099",0
"3100",1
"3101",0
"3102",0
"3103",0
"3104",1
"3105",0
"3106",0
"3107",0
"3108",1
"3109",1
"3110",1
"3111",0
"3112",1
"3113",0
"3114",0
"3115",0
"3116",1
"3117",1
"3118",0
"3119",0
"3120",1
"3121",0
"3122",0
"3123",0
"3124",0
"3125",2.25153229393982e-13
"3126",1
"3127",1
"3128",1
"3129",1
"3130",1
"3131",0
"3132",1
"3133",1
"3134",1
"3135",0
"3136",1
"3137",1
"3138",0
"3139",1
"3140",0
"3141",0
"3142",0
"3143",0
"3144",0
"3145",1
"3146",0
"3147",1
"3148",0
"3149",0
"3150",1
"3151",0
"3152",1
"3153",1
"3154",1
"3155",1
"3156",0
"3157",1
"3158",0
"3159",1
"3160",1
"3161",1
"3162",0
"3163",1
"3164",0
"3165",0
"3166",1
"3167",1
"3168",0
"3169",0
"3170",1
"3171",0
"3172",1
"3173",0
"3174",0
"3175",1.7519319328585e-12
"3176",1
"3177",1
"3178",1
"3179",0
"3180",1
"3181",0
"3182",0
"3183",0
"3184",0
"3185",0
"3186",1
"3187",1
"3188",1
"3189",1
"3190",1
"3191",1
"3192",0
"3193",1
"3194",0
"3195",1
"3196",1
"3197",0
"3198",1
"3199",1
"3200",1
"3201",0
"3202",1
"3203",0
"3204",0
"3205",1
"3206",2.22266649529956e-13
"3207",1
"3208",0
"3209",1
"3210",1
"3211",0
"3212",1
"3213",0
"3214",0
"3215",1
"3216",1
"3217",1
"3218",0
"3219",6.17284001691587e-14
"3220",1
"3221",0
"3222",1
"3223",0
"3224",1
"3225",1
"3226",0
"3227",0
"3228",1
"3229",0
"3230",1
"3231",1
"3232",0
"3233",1
"3234",0
"3235",0
"3236",1
"3237",0
"3238",0
"3239",0
"3240",1
"3241",1
"3242",1
"3243",0
"3244",1
"3245",1
"3246",1
"3247",1
"3248",1
"3249",1
"3250",1
"3251",0
"3252",0.999999893332541
"3253",0
"3254",1
"3255",2.1094237467878e-14
"3256",0
"3257",0
"3258",0
"3259",0
"3260",1
"3261",0
"3262",1
"3263",0
"3264",1
"3265",0
"3266",0
"3267",1
"3268",0
"3269",0
"3270",0
"3271",1
"3272",1
"3273",1
"3274",1
"3275",0
"3276",0
"3277",0
"3278",1
"3279",1
"3280",1
"3281",1
"3282",1
"3283",0
"3284",1
"3285",1
"3286",1
"3287",1
"3288",0
"3289",0
"3290",0
"3291",1
"3292",0
"3293",0
"3294",0.0140935336341317
"3295",0
"3296",0
"3297",0
"3298",0
"3299",0
"3300",0
"3301",0
"3302",1
"3303",1
"3304",0
"3305",0
"3306",0
"3307",0
"3308",1
"3309",1
"3310",0
"3311",0
"3312",1
"3313",1
"3314",0
"3315",0
"3316",0
"3317",0
"3318",0
"3319",0
"3320",0
"3321",0
"3322",0
"3323",0
"3324",0
"3325",1
"3326",0
"3327",1
"3328",0
"3329",1
"3330",0
"3331",0
"3332",0
"3333",0.00316116784650267
"3334",0
"3335",1
"3336",0
"3337",1
"3338",1
"3339",0
"3340",1
"3341",0
"3342",1
"3343",2.49878695512962e-09
"3344",0
"3345",1
"3346",5.99964522507435e-13
"3347",0
"3348",0
"3349",0
"3350",1
"3351",1
"3352",1
"3353",1
"3354",5.04947158530555e-08
"3355",0
"3356",1
"3357",1
"3358",0
"3359",1
"3360",1
"3361",1
"3362",0
"3363",0
"3364",0
"3365",0
"3366",0
"3367",1
"3368",1
"3369",1
"3370",1
"3371",0
"3372",0
"3373",1
"3374",1
"3375",0
"3376",1
"3377",0
"3378",1
"3379",0
"3380",0
"3381",1
"3382",0.958698062791499
"3383",1
"3384",0
"3385",1
"3386",0
"3387",1
"3388",1
"3389",1
"3390",0
"3391",0
"3392",0
"3393",0
"3394",0
"3395",0
"3396",1
"3397",1
"3398",0
"3399",1
"3400",1
"3401",1
"3402",0
"3403",1
"3404",0
"3405",0
"3406",0
"3407",0
"3408",0
"3409",0
"3410",0
"3411",1
"3412",1
"3413",1
"3414",1
"3415",1
"3416",1
"3417",0
"3418",0
"3419",1
"3420",1
"3421",0
"3422",0
"3423",1
"3424",0
"3425",0
"3426",0
"3427",0
"3428",1
"3429",0
"3430",0
"3431",1
"3432",1
"3433",0
"3434",1
"3435",1
"3436",0
"3437",0
"3438",0
"3439",0
"3440",1
"3441",0
"3442",1
"3443",0
"3444",0
"3445",1
"3446",1
"3447",0
"3448",0.715832447653475
"3449",1
"3450",0
"3451",1
"3452",1
"3453",0
"3454",1
"3455",0
"3456",1
"3457",1
"3458",0
"3459",1
"3460",1
"3461",1
"3462",0
"3463",0
"3464",0
"3465",0
"3466",0
"3467",1
"3468",0
"3469",1
"3470",0
"3471",0
"3472",1
"3473",1
"3474",0
"3475",0
"3476",1
"3477",1
"3478",0
"3479",0
"3480",1
"3481",1
"3482",0
"3483",0
"3484",0.999996709297192
"3485",0
"3486",1
"3487",1
"3488",0
"3489",0
"3490",1
"3491",1
"3492",0
"3493",0
"3494",1.02717834238319e-12
"3495",0
"3496",0
"3497",1
"3498",1
"3499",1
"3500",0
"3501",1
"3502",1
"3503",0
"3504",0
"3505",0
"3506",0
"3507",1
"3508",1
"3509",0
"3510",0
"3511",0
"3512",0
"3513",1
"3514",1
"3515",0
"3516",0
"3517",0
"3518",0
"3519",1
"3520",1
"3521",1
"3522",1.02743336616307e-07
"3523",1
"3524",0
"3525",0
"3526",1
"3527",0
"3528",0
"3529",0
"3530",1
"3531",1
"3532",1
"3533",0
"3534",1
"3535",0
"3536",1
"3537",1
"3538",0
"3539",0
"3540",0
"3541",0
"3542",1
"3543",1
"3544",1
"3545",0
"3546",0
"3547",0
"3548",0
"3549",0
"3550",1
"3551",0
"3552",0
"3553",0
"3554",1
"3555",0
"3556",0
"3557",1
"3558",0
"3559",0
"3560",1
"3561",1
"3562",0
"3563",0
"3564",1
"3565",1
"3566",1
"3567",0
"3568",1
"3569",1
"3570",1
"3571",1
"3572",0
"3573",0
"3574",0
"3575",0
"3576",0
"3577",0
"3578",0
"3579",0
"3580",1
"3581",0
"3582",0
"3583",0
"3584",1
"3585",0
"3586",1
"3587",0
"3588",0.999999999765718
"3589",1
"3590",0
"3591",0
"3592",1
"3593",0
"3594",1
"3595",0
"3596",0
"3597",0
"3598",0
"3599",0
"3600",1
"3601",0
"3602",0
"3603",0
"3604",0
"3605",1
"3606",1
"3607",1
"3608",0
"3609",0.999999999999989
"3610",1
"3611",0
"3612",1
"3613",0
"3614",0
"3615",0
"3616",0
"3617",1
"3618",1
"3619",0
"3620",0
"3621",1
"3622",0
"3623",0
"3624",1
"3625",0
"3626",0
"3627",1
"3628",0
"3629",1
"3630",0
"3631",1
"3632",0
"3633",1
"3634",0
"3635",0
"3636",0
"3637",1
"3638",0
"3639",1
"3640",0
"3641",0
"3642",0
"3643",1
"3644",0
"3645",1
"3646",1
"3647",0
"3648",0
"3649",1
"3650",0
"3651",0
"3652",0
"3653",0
"3654",0
"3655",1
"3656",1
"3657",0
"3658",0
"3659",1
"3660",0
"3661",0
"3662",1.24122934153093e-13
"3663",0
"3664",0
"3665",1
"3666",0
"3667",0
"3668",1
"3669",0
"3670",1
"3671",0
"3672",1
"3673",1
"3674",0
"3675",0
"3676",0.837200699771364
"3677",0
"3678",1
"3679",1
"3680",1
"3681",1
"3682",1
"3683",1
"3684",1
"3685",0
"3686",1
"3687",1
"3688",0
"3689",1
"3690",1
"3691",0
"3692",1
"3693",1
"3694",0
"3695",0
"3696",0
"3697",1
"3698",0
"3699",0
"3700",0
"3701",1
"3702",0
"3703",1
"3704",0
"3705",0.999999999999956
"3706",1
"3707",1
"3708",0
"3709",1
"3710",0
"3711",1
"3712",0
"3713",0
"3714",0
"3715",0.42852757288338
"3716",1
"3717",1
"3718",1
"3719",1
"3720",1
"3721",0
"3722",0
"3723",0
"3724",1
"3725",1
"3726",1
"3727",0
"3728",0
"3729",1
"3730",1
"3731",1
"3732",1
"3733",1
"3734",1
"3735",0
"3736",1
"3737",1
"3738",1
"3739",0
"3740",0
"3741",0
"3742",1
"3743",0
"3744",0
"3745",0
"3746",0
"3747",0
"3748",0
"3749",0
"3750",0
"3751",1
"3752",1
"3753",1
"3754",0
"3755",1
"3756",1
"3757",1
"3758",0
"3759",1
"3760",1
"3761",1
"3762",1
"3763",0
"3764",0
"3765",0
"3766",0
"3767",1
"3768",0
"3769",1
"3770",1
"3771",1
"3772",1
"3773",1
"3774",0
"3775",0
"3776",0
"3777",0
"3778",0
"3779",1
"3780",0
"3781",0
"3782",0
"3783",0
"3784",0
"3785",1
"3786",0
"3787",0
"3788",0
"3789",1
"3790",1
"3791",1
"3792",0
"3793",0
"3794",0
"3795",0.999999999999455
"3796",0
"3797",1
"3798",1
"3799",0
"3800",1
"3801",1
"3802",1
"3803",1
"3804",0
"3805",0
"3806",3.98790407363236e-08
"3807",0
"3808",0
"3809",0
"3810",1.55431223447522e-15
"3811",0
"3812",0
"3813",0
"3814",0
"3815",1
"3816",1
"3817",1
"3818",1
"3819",1
"3820",1
"3821",0
"3822",0
"3823",1
"3824",1
"3825",0
"3826",1
"3827",0
"3828",1
"3829",0
"3830",0
"3831",0
"3832",0
"3833",1
"3834",1
"3835",0
"3836",0
"3837",0
"3838",1
"3839",0
"3840",0
"3841",0
"3842",1
"3843",0
"3844",0
"3845",0
"3846",1.04263686573347e-09
"3847",0
"3848",0
"3849",0
"3850",1
"3851",0
"3852",0
"3853",1
"3854",0
"3855",1
"3856",0
"3857",1
"3858",0
"3859",1
"3860",0
"3861",0.999999999979237
"3862",1
"3863",0
"3864",1
"3865",1
"3866",1
"3867",1
"3868",0
"3869",0
"3870",0
"3871",1
"3872",0
"3873",0.00534516128402396
"3874",1
"3875",1
"3876",0
"3877",0
"3878",1
"3879",1
"3880",0
"3881",0
"3882",1
"3883",1
"3884",1
"3885",1
"3886",1
"3887",1
"3888",0
"3889",0
"3890",0
"3891",0
"3892",0
"3893",1
"3894",0
"3895",1
"3896",0
"3897",0
"3898",1
"3899",0
"3900",0
"3901",0
"3902",0
"3903",0
"3904",0
"3905",1
"3906",0
"3907",1
"3908",0
"3909",1
"3910",1
"3911",1
"3912",0
"3913",1
"3914",1
"3915",1
"3916",0
"3917",1
"3918",1
"3919",0
"3920",0
"3921",1
"3922",1
"3923",0
"3924",0
"3925",0
"3926",0
"3927",0
"3928",1
"3929",0
"3930",0
"3931",0
"3932",1
"3933",0
"3934",0
"3935",0
"3936",1
"3937",0
"3938",1
"3939",1
"3940",0
"3941",1
"3942",1
"3943",1
"3944",0
"3945",1
"3946",1
"3947",1
"3948",0
"3949",1
"3950",0
"3951",0
"3952",1
"3953",1
"3954",0
"3955",1
"3956",0
"3957",0
"3958",1
"3959",1
"3960",1
"3961",1
"3962",1
"3963",1
"3964",1
"3965",0
"3966",0
"3967",0
"3968",0
"3969",0
"3970",1
"3971",0
"3972",1
"3973",0
"3974",0
"3975",1
"3976",1
"3977",0
"3978",1
"3979",0
"3980",1
"3981",0
"3982",1
"3983",0
"3984",1
"3985",1
"3986",0
"3987",1
"3988",1
"3989",1
"3990",1
"3991",0
"3992",1
"3993",1
"3994",1
"3995",0
"3996",0
"3997",0
"3998",1
"3999",0
"4000",1
"4001",1
"4002",1
"4003",0
"4004",1
"4005",0
"4006",0
"4007",1
"4008",0
"4009",1
"4010",0
"4011",1
"4012",0
"4013",0
"4014",1
"4015",1
"4016",1
"4017",0
"4018",0
"4019",1
"4020",0
"4021",1
"4022",0
"4023",1
"4024",0
"4025",1
"4026",1
"4027",0
"4028",0
"4029",0
"4030",1
"4031",0
"4032",0
"4033",1
"4034",0
"4035",0
"4036",1
"4037",1
"4038",1
"4039",0
"4040",0
"4041",1
"4042",0
"4043",0
"4044",0
"4045",0
"4046",1
"4047",0
"4048",0
"4049",0
"4050",0
"4051",1
"4052",0
"4053",0
"4054",0
"4055",1
"4056",0
"4057",0
"4058",1
"4059",0
"4060",1
"4061",1
"4062",1
"4063",1
"4064",1
"4065",0
"4066",1
"4067",1
"4068",1
"4069",1
"4070",0
"4071",0
"4072",0
"4073",1
"4074",0
"4075",1
"4076",1
"4077",0
"4078",0
"4079",1
"4080",0
"4081",1
"4082",0
"4083",0
"4084",0
"4085",0
"4086",0
"4087",0
"4088",1
"4089",1
"4090",1
"4091",1
"4092",1
"4093",0
"4094",1
"4095",1
"4096",1
"4097",0
"4098",0
"4099",0
"4100",1
"4101",0
"4102",1
"4103",0
"4104",1
"4105",0
"4106",0
"4107",1
"4108",0
"4109",0
"4110",1
"4111",1
"4112",1
"4113",1
"4114",1
"4115",1
"4116",0
"4117",0
"4118",0
"4119",1
"4120",1
"4121",0
"4122",1
"4123",1
"4124",1
"4125",1
"4126",1
"4127",0
"4128",0
"4129",1
"4130",0
"4131",0
"4132",0
"4133",0
"4134",0
"4135",0
"4136",1
"4137",0
"4138",1
"4139",0
"4140",1
"4141",1
"4142",0
"4143",1
"4144",1
"4145",0
"4146",1
"4147",0
"4148",1
"4149",0
"4150",3.62724983382634e-09
"4151",1
"4152",0
"4153",1
"4154",1
"4155",1
"4156",0
"4157",0
"4158",0
"4159",1
"4160",0
"4161",1
"4162",1
"4163",1
"4164",1
"4165",0.0120817180817329
"4166",1
"4167",1
"4168",1
"4169",0
"4170",0
"4171",0
"4172",0
"4173",1
"4174",1
"4175",1
"4176",1
"4177",0
"4178",0
"4179",1
"4180",1
"4181",1
"4182",1
"4183",0
"4184",1
"4185",1
"4186",0
"4187",0
"4188",0
"4189",1
"4190",0
"4191",0
"4192",0
"4193",0
"4194",1
"4195",1
"4196",1
"4197",0
"4198",1
"4199",0
"4200",0
"4201",1
"4202",0
"4203",1
"4204",1
"4205",1
"4206",1
"4207",0
"4208",1
"4209",0
"4210",1
"4211",1
"4212",1
"4213",1
"4214",1
"4215",0
"4216",0
"4217",0
"4218",1
"4219",0
"4220",0
"4221",1
"4222",0
"4223",0
"4224",1
"4225",0
"4226",0
"4227",0
"4228",0
"4229",1
"4230",1
"4231",0
"4232",0
"4233",0
"4234",1
"4235",1
"4236",0
"4237",1
"4238",1
"4239",1
"4240",0
"4241",1
"4242",1
"4243",0
"4244",1
"4245",0
"4246",1
"4247",0
"4248",0
"4249",1
"4250",0
"4251",1
"4252",1
"4253",0
"4254",1
"4255",0
"4256",0
"4257",1
"4258",1
"4259",0
"4260",1
"4261",0
"4262",1
"4263",0
"4264",0
"4265",1
"4266",0
"4267",0
"4268",1
"4269",0
"4270",0
"4271",1
"4272",1
"4273",1
"4274",1
"4275",0
"4276",1
"4277",1
"4278",0
"4279",1
"4280",0
"4281",1
"4282",0
"4283",1
"4284",0
"4285",1
"4286",0
"4287",0
"4288",1
"4289",0
"4290",1
"4291",1
"4292",0
"4293",1
"4294",1
"4295",0
"4296",0
"4297",0
"4298",1
"4299",1
"4300",1
"4301",1
"4302",1
"4303",0
"4304",1
"4305",0
"4306",0
"4307",0
"4308",1
"4309",1
"4310",0
"4311",1
"4312",0
"4313",1
"4314",1
"4315",0
"4316",0
"4317",0
"4318",1
"4319",0
"4320",1
"4321",0
"4322",0
"4323",0
"4324",0
"4325",1
"4326",0
"4327",0
"4328",1
"4329",1
"4330",0
"4331",1
"4332",0
"4333",0
"4334",8.74855743404623e-14
"4335",0
"4336",1
"4337",1
"4338",1
"4339",0
"4340",0
"4341",1
"4342",1
"4343",0
"4344",0
"4345",1
"4346",0
"4347",0
"4348",1
"4349",0.0989286870490774
"4350",0
"4351",0
"4352",0
"4353",0
"4354",0
"4355",1
"4356",1
"4357",1
"4358",1
"4359",0
"4360",0
"4361",1
"4362",1
"4363",0
"4364",0
"4365",0
"4366",1
"4367",1
"4368",0
"4369",1
"4370",1
"4371",1
"4372",1
"4373",0
"4374",1
"4375",1
"4376",1
"4377",0
"4378",0
"4379",0
"4380",1
"4381",1
"4382",0
"4383",0
"4384",1
"4385",1
"4386",1
"4387",1
"4388",0
"4389",0
"4390",1
"4391",1
"4392",1
"4393",0
"4394",0
"4395",1
"4396",1
"4397",1
"4398",1
"4399",1
"4400",1
"4401",1
"4402",0
"4403",0
"4404",1
"4405",0
"4406",1
"4407",1
"4408",1
"4409",0
"4410",1
"4411",0
"4412",1
"4413",1
"4414",0
"4415",0
"4416",1
"4417",1
"4418",0
"4419",0
"4420",1
"4421",0.999999640701897
"4422",0
"4423",1
"4424",0
"4425",0
"4426",0
"4427",0
"4428",1
"4429",3.36839905445974e-06
"4430",0
"4431",0
"4432",0
"4433",1
"4434",0
"4435",0
"4436",1
"4437",0
"4438",1
"4439",0
"4440",0
"4441",1
"4442",0
"4443",1
"4444",0
"4445",1
"4446",1
"4447",1
"4448",0
"4449",0
"4450",1
"4451",0
"4452",1
"4453",1
"4454",1
"4455",0
"4456",1
"4457",1
"4458",0
"4459",1
"4460",0
"4461",1
"4462",1
"4463",1
"4464",0
"4465",1
"4466",0.025045102493887
"4467",0
"4468",0
"4469",1
"4470",0
"4471",0
"4472",1
"4473",0
"4474",1
"4475",1
"4476",1
"4477",1
"4478",1
"4479",0
"4480",0
"4481",1
"4482",0
"4483",0
"4484",1
"4485",0
"4486",1
"4487",1
"4488",0
"4489",0
"4490",0
"4491",1
"4492",0
"4493",0
"4494",1
"4495",0
"4496",1
"4497",1
"4498",0
"4499",0
"4500",1
"4501",1
"4502",1
"4503",0
"4504",1
"4505",0
"4506",0
"4507",0
"4508",1
"4509",1
"4510",0
"4511",1
"4512",1
"4513",0
"4514",0
"4515",0
"4516",0
"4517",1
"4518",1
"4519",1
"4520",0
"4521",0
"4522",1
"4523",1
"4524",0
"4525",1
"4526",0
"4527",0
"4528",0
"4529",0
"4530",0
"4531",1
"4532",0
"4533",0
"4534",1
"4535",1
"4536",1
"4537",0
"4538",1
"4539",1
"4540",0
"4541",0
"4542",0
"4543",0.999999999999643
"4544",1
"4545",1
"4546",0
"4547",0
"4548",1
"4549",1
"4550",0
"4551",1
"4552",0
"4553",0
"4554",0
"4555",0
"4556",1
"4557",0
"4558",1
"4559",0
"4560",1
"4561",0
"4562",0
"4563",0
"4564",0
"4565",1
"4566",0
"4567",0
"4568",1
"4569",1
"4570",0
"4571",0
"4572",1
"4573",0
"4574",1
"4575",1
"4576",1
"4577",0
"4578",0
"4579",1
"4580",1
"4581",1
"4582",0
"4583",0
"4584",1
"4585",0
"4586",0
"4587",1
"4588",0
"4589",0
"4590",1
"4591",0
"4592",0
"4593",1
"4594",1
"4595",1
"4596",0
"4597",1
"4598",0
"4599",1
"4600",1
"4601",1
"4602",1
"4603",1
"4604",0
"4605",1
"4606",0.999999537004161
"4607",0
"4608",1
"4609",0
"4610",1
"4611",1
"4612",0
"4613",1
"4614",1
"4615",0
"4616",0
"4617",1
"4618",0
"4619",1
"4620",0
"4621",0.0110150891213417
"4622",0
"4623",0
"4624",0
"4625",1
"4626",0
"4627",0
"4628",1
"4629",1
"4630",2.75041767139328e-10
"4631",1
"4632",0
"4633",1
"4634",0
"4635",1
"4636",0
"4637",0
"4638",1
"4639",0
"4640",0
"4641",0
"4642",0
"4643",1
"4644",0
"4645",0
"4646",0
"4647",0
"4648",0.999999998706816
"4649",1
"4650",1
"4651",1
"4652",0
"4653",0
"4654",0
"4655",0
"4656",1
"4657",0
"4658",1
